,count,mean,median,std,min,max
Quantity,1200.0,2.9458333333333333,3.0,1.4075570987983175,1.0,5.0
UnitPrice,1200.0,356.41275,364.21,197.17714641491233,11.39,699.93
ItemsInCart,1200.0,5.485,5.0,2.2819833201028636,1.0,10.0
TotalPrice,1200.0,1053.9683,823.615,819.8565583646455,11.39,3456.4
